File_ID,File,Entity,Code,Module,Closeness_Centrality
1,contexts/cli/CLI,org/processmining/contexts/cli/CLI,main Starting script execution engine... arguments Error while executing  script scripts scriptArguments commandlineArguments globalContext executor params parseCommandLine java help Print this help message and exit list List all available plugins on standard output and exit stdin Read script from standard input script Execute the script given on the command line file Read script from the given file plugin script scriptFile arguments executor parser helpOption listOption stdinOption scriptOption fileOption scripts readFile scriptFile is result readFromStdin readWholeStream is reader result main LorgprocessminingcontextscliCLI LorgprocessminingcontextscliCLIPluginContext args,prom.domain.contexts,0.005128205128205128
2,contexts/cli/CLIContext,org/processmining/contexts/cli/CLIContext,mainPluginContext Main Plugin Context getMainPluginContext getPluginContextType LorgprocessminingcontextscliCLIPluginContext getMainPluginContext,prom.domain.contexts,0.008791208791208791
3,contexts/cli/CLIPluginContext,org/processmining/contexts/cli/CLIPluginContext,executor context label context label createTypedChildContext label getExecutor getProgress getGlobalContext getRootContext getRootContext getGlobalContext,prom.domain.contexts,0.006153846153846155
4,contexts/cli/CLIProgressBar,org/processmining/contexts/cli/CLIProgressBar,context,prom.domain.contexts,0.00641025641025641
5,contexts/cli/PromTestException,org/processmining/contexts/cli/PromTestException,test expected result testScript junitResult test expected result testScript junitResult,prom.domain.contexts,0.0038461538461538464
6,contexts/cli/PromTestFramework,org/processmining/contexts/cli/PromTestFramework,accept .class pathname,prom.domain.contexts,0.0
7,contexts/scripting/ScriptExecutor,org/processmining/contexts/scripting/ScriptExecutor,interpreter context availablePlugins failedPlugins context execute Error. The script tries to access a nonexisting file path Script execution was cancelled. Message e3 e2 script workingPlugins line.separator checking maincontext plugindescriptor pluginmethodindex LjavalangObject LjavalangObject p LorgprocessminingframeworkpluginPluginContext context  maincontext.createChildContextResult of plugindescriptor .invokepluginmethodindex context new LjavalangObject context.getResult.synchronize LjavalangObject result  new LjavalangObject context.getResult.getSize for int i  0 i  result.length i  resulti  context.getResult.getResulti  return result return context.getFutureResult0.get Failed to load plugin Failed to load plugin Missing class cl index signature init pluginInterpreter thisPluginSignatures plugin workingPlugins foundSignatures nl pluginIndex init line.separator maincontext initializing all plugins initializing plugindescriptor pluginmethodindex LjavalangObject LjavalangObject p LorgprocessminingframeworkpluginPluginContext context  maincontext.createChildContextResult of plugindescriptor .invokepluginmethodindex context new LjavalangObject context.getResult.synchronize LjavalangObject result  new LjavalangObject context.getResult.getSize for int i  0 i  result.length i  resulti  context.getResult.getResulti  return result return context.getFutureResult0.get Failed to load one of the plugins. Failed to load one of the plugins. Missing class cl index signature plugin init nl pluginIndex getSignature LorgprocessminingframeworkpluginannotationsCLI LorgprocessminingframeworkpluginannotationsCLI name plugin index name bind name value getAvailablePlugins result,prom.domain.contexts,0.0057692307692307696
8,contexts/scripting/Signature,org/processmining/contexts/scripting/Signature,name parameterTypes returnTypes returnTypes name parameterTypes equals other hashCode getName getParameterTypes getReturnTypes toString toString param type indent1 indent2 result isFirst,prom.domain.contexts,0.008791208791208791
9,contexts/test/AllInclassMethodTests,org/processmining/contexts/test/AllInclassMethodTests,accept .class pathname,prom.domain.contexts,0.007692307692307693
10,contexts/test/AllStandardScriptTests,org/processmining/contexts/test/AllStandardScriptTests,TESTSCRIPTFILEEXTENSION txt getAllTestScripts Collecting scripted tests from txt txt file lookUpDir testScriptFiles dir,prom.domain.contexts,0.0038461538461538464
11,contexts/test/InclassMethodTest,org/processmining/contexts/test/InclassMethodTest,test testFileRoot method testFileRoot test  TESTCASE  TESTCASE LorgprocessminingframeworkannotationsTestMethod LorgprocessminingframeworkannotationsTestMethod oldSystemOut resultOutStream tempSystemOut result expected readFile scriptFileName is result readWholeStream is reader result getTestName toString,prom.domain.contexts,0.0038461538461538464
12,contexts/test/PromTest,org/processmining/contexts/test/PromTest,defaultTestDir .teststestfiles defaultTestScriptDir autoscripts defaultClassFileLocations .bin testScripts test.testFileRoot .teststestfiles test.testScriptRoot autoscripts found scriptFile testFileRoot testScriptRoot testScripts tests inlineTests test.testFileRoot .teststestfiles test.inclassTestsAt .bin found dir classFileLocation testFileRoot lookUpDirString lookUpDirs comma testCollector testMethods tests,prom.domain.contexts,0.0
13,contexts/test/StandardScriptTest,org/processmining/contexts/test/StandardScriptTest,testScript testScript test  TESTCASE  TESTCASE f args toString,prom.domain.contexts,0.0038461538461538464
14,contexts/test/factory/FactoryRunner,org/processmining/contexts/test/factory/FactoryRunner,tests clazz computeTests computeFactoryTests LorgprocessminingcontextstestfactoryTestFactory TestFactory must be static. LorgprocessminingcontextstestfactoryFactoryTest instance instances method tests computeTestMethods validateInstanceMethods LorgjunitAfter LorgjunitBefore errors,prom.domain.contexts,0.0
15,contexts/test/factory/FactoryTest,org/processmining/contexts/test/factory/FactoryTest,,prom.domain.contexts,0.0
16,contexts/test/factory/FrameworkFactoryTest,org/processmining/contexts/test/factory/FrameworkFactoryTest,target name method target name invokeExplosively target params getName ss.ss,prom.domain.contexts,0.0038461538461538464
17,contexts/test/factory/TestFactory,org/processmining/contexts/test/factory/TestFactory,,prom.domain.contexts,0.0
18,contexts/uitopia/FileChooserPropertyListener,org/processmining/contexts/uitopia/FileChooserPropertyListener,ext ext propertyChange fileFilterChanged evt,prom.domain.contexts,0.0
19,contexts/uitopia/FirstTimeOverlay,org/processmining/contexts/uitopia/FirstTimeOverlay,serialVersionUID Starting ProM Cancel OK htmlAll packages have been installed andor updated.BRPlease wait while starting ProM.BRBRIf this is the first time you run ProM on this computer please be patient.html mainView close okayed,prom.domain.contexts,0.005128205128205128
20,contexts/uitopia/UI,org/processmining/contexts/uitopia/UI,main promicon32x32.png cmd commandlineArguments globalContext controller main auto user LorgprocessminingcontextsuitopiapackagemanagerPMFrame promicon32x32.png LorgprocessminingcontextsuitopiaUI LorgprocessminingcontextsuitopiaUIPluginContext Cannot find release package defined in ProM.ini file . Continuing to load ProM. auto user user New packages and package updates are available. Do you want ProM to install andor update them now Install and update packages New packages are available. Do you want ProM to install them now Install packages Package updates are available. Do you want ProM to update them now Update packages LorgprocessminingcontextsuitopiaUI LorgprocessminingcontextsuitopiaUIPluginContext LorgprocessminingcontextsuitopiaUI LorgprocessminingcontextsuitopiaUIPluginContext listener toUpdate pmController option listener frame releasePackage args,prom.domain.contexts,0.0
21,contexts/uitopia/UIContext,org/processmining/contexts/uitopia/UIContext,mainPluginContext frame resourceManager actionManager taskManager viewManager categoryManager controller Main Plugin Context initialize setFrame frame getCategoryManager getMainPluginContext getPluginContextType LorgprocessminingcontextsuitopiaUIPluginContext getFrameworkAuthors getFrameworkReleaseDate getFrameworkVersion getResourceManager getActionManager getTaskManager getViewManager shutdown arg0 startup getUI getController setController controller getMainPluginContext getViewManager getTaskManager getActionManager getResourceManager,prom.domain.contexts,0.04923076923076924
22,contexts/uitopia/UIPackageManagerListener,org/processmining/contexts/uitopia/UIPackageManagerListener,args frame done frame args exception exception exception finishedInstall packageName folder pack sessionComplete error sessionStart startDownload packageName url pack startInstall packageName folder pack isDone showOverlayAfterInstall LorgprocessminingcontextsuitopiaUI LorgprocessminingcontextsuitopiaUIPluginContext e1 overlayable dialog,prom.domain.contexts,0.0038461538461538464
23,contexts/uitopia/UIPluginContext,org/processmining/contexts/uitopia/UIPluginContext,executor task context label context label createTypedChildContext label getExecutor getPreferences LorgprocessminingcontextsuitopiaUIPluginContext openFile filter saveFile defaultExtension extensions openFiles filter getProgress getGlobalContext getRootContext setTask task getTask showConfiguration title configuration showWizard title first last configuration createChildContext label getRootContext createChildContext getGlobalContext LorgprocessminingcontextsuitopiaUIPluginContext,prom.domain.contexts,0.039384615384615386
24,contexts/uitopia/annotations/UIExportPlugin,org/processmining/contexts/uitopia/annotations/UIExportPlugin,description extension pack,prom.domain.contexts,0.02778846153846154
25,contexts/uitopia/annotations/UIImportPlugin,org/processmining/contexts/uitopia/annotations/UIImportPlugin,description extensions pack,prom.domain.contexts,0.02778846153846154
26,contexts/uitopia/annotations/UITopiaVariant,org/processmining/contexts/uitopia/annotations/UITopiaVariant,USEPLUGIN Use Plugin Name USEVARIANT Use Variant Name EHV Eindhoven University of Technology uiLabel uiHelp affiliation email author website pack,prom.domain.contexts,0.021794871794871794
27,contexts/uitopia/annotations/Visualizer,org/processmining/contexts/uitopia/annotations/Visualizer,USEPLUGINNAME Use Plugin Name name pack,prom.domain.contexts,0.01950067476383266
28,contexts/uitopia/hub/ProMActionManager,org/processmining/contexts/uitopia/hub/ProMActionManager,actions context instance plugin context addPlugin action plugin initialize context getActions input output getResourcesTypesFor par parameters types getActions output found required outputs types bindings action parameters requiredOutput type enabledActions getActions checkPlugin LorgprocessminingcontextsuitopiaannotationsVisualizer LorgprocessminingcontextsuitopiaannotationsUIImportPlugin LorgprocessminingcontextsuitopiaannotationsUIExportPlugin LorgprocessminingcontextsuitopiaannotationsUITopiaVariant type context plugin methodIndex error Error while adding plugin from source className newPlugin LorgprocessminingcontextsuitopiaannotationsVisualizer LorgprocessminingcontextsuitopiaannotationsUIImportPlugin newType parType parTypes plugin newTypes,prom.domain.contexts,0.028131868131868132
29,contexts/uitopia/hub/ProMCategoryManager,org/processmining/contexts/uitopia/hub/ProMCategoryManager,instance categories newCat getCategories initialize uiContext,prom.domain.contexts,0.028131868131868132
30,contexts/uitopia/hub/ProMResourceManager,org/processmining/contexts/uitopia/hub/ProMResourceManager,compare f1 f2 compare,prom.domain.contexts,0.03786982248520711
31,contexts/uitopia/hub/ProMTaskManager,org/processmining/contexts/uitopia/hub/ProMTaskManager,tasks activeTasks context context2task instance context initialize context execute Cannot instantiate plugins on Connections task action parameterValues listener list pluginContext task getActiveTasks getAllTasks pluginCancelled context pluginCompleted context pluginCreated context pluginDeleted context pluginFutureCreated context pluginResumed context pluginStarted context pluginSuspended context pluginTerminatedWithError context isActionableResource isActionableResource resources isAnActionableResource resources execute LorgprocessminingcontextsuitopiahubProMTaskManager,prom.domain.contexts,0.028131868131868132
32,contexts/uitopia/hub/ProMViewManager,org/processmining/contexts/uitopia/hub/ProMViewManager,compare o1 o2 isO1ExactMatch isO2ExactMatch compare,prom.domain.contexts,0.03176178660049628
33,contexts/uitopia/hub/UpdateSignaller,org/processmining/contexts/uitopia/hub/UpdateSignaller,listeners addListener listener getListeners removeAllListeners removeListener listener signalUpdate listener,prom.domain.contexts,0.02778846153846154
34,contexts/uitopia/hub/overlay/ProgressOverlayDialog,org/processmining/contexts/uitopia/hub/overlay/ProgressOverlayDialog,actionPerformed,prom.domain.contexts,0.028131868131868132
35,contexts/uitopia/model/AbstractAuthored,org/processmining/contexts/uitopia/model/AbstractAuthored,getAffiliation Eindhoven University of Technology getEmail foobar.com getName John Doe getWebsite http,prom.domain.contexts,0.018221941992433797
36,contexts/uitopia/model/ProMAction,org/processmining/contexts/uitopia/model/ProMAction,plugin methodIndex inputs name outputs isResource resourceIndex author pluginManager pack help keywords catergories LorgprocessminingcontextsuitopiaannotationsUITopiaVariant Use Plugin Name Use Variant Name LorgprocessminingcontextsuitopiaannotationsUITopiaVariant Use Plugin Name Use Variant Name LorgprocessminingcontextsuitopiaannotationsUITopiaVariant type name isArray resType type name isArray resType resourceManager pluginManager plugin methodIndex resIndex handlesCancel getInput getName getPackage getOutput getBindings resources parameterValues executable types getStatus parameterValues promParameterValues bindings getType LorgprocessminingcontextsuitopiaUIPluginContext getPlugin getMethodIndex compareTo action getMostSignificantResultIndex equals hashCode toString getAuthor getHelp getCategories getKeywords isOfCategory category getIcon getURL compareTo,prom.domain.contexts,0.02735042735042735
37,contexts/uitopia/model/ProMCResource,org/processmining/contexts/uitopia/model/ProMCResource,context sourceAction resType id parameterValues destroy getName This object is no longer available setName name getInstance getInstance,prom.domain.contexts,0.024015009380863043
38,contexts/uitopia/model/ProMCategory,org/processmining/contexts/uitopia/model/ProMCategory,getName getDescription getFilterImage,prom.domain.contexts,0.021375739644970415
39,contexts/uitopia/model/ProMPOResource,org/processmining/contexts/uitopia/model/ProMPOResource,context sourceAction resType id parameterValues destroy getName This object is no longer available setName name getInstance LorgprocessminingcontextsuitopiamodelProMPOResource,prom.domain.contexts,0.03282051282051282
40,contexts/uitopia/model/ProMParameter,org/processmining/contexts/uitopia/model/ProMParameter,type name index isArray name index type isArray isRequired getName getType getRealParameterIndex getMaxCardinality getMinCardinality,prom.domain.contexts,0.02097242380261248
41,contexts/uitopia/model/ProMResource,org/processmining/contexts/uitopia/model/ProMResource,resType favorite creationTime lastAccessTime id parents context view sourceAction isDestroyed listener currentTime col context sourceAction resType id parameterValues setListener listener setParents parents getCreationTime getLastAccessTime setCreationTime creationTime setLastAccessTime lastAccessTime getParents getPreview maxWidth maxHeight setView view getSourceAction isFavorite setFavorite favorite updateLastAccessTime getType equals hashCode toString getID isDestroyed getInstance LorgprocessminingcontextsuitopiamodelProMResource,prom.domain.contexts,0.02983682983682984
42,contexts/uitopia/model/ProMResourceType,org/processmining/contexts/uitopia/model/ProMResourceType,getAffiliation Affiliation unknown getEmail h.m.w.verbeektue.nl getName Author unknown getWebsite http,prom.domain.contexts,0.025849731663685153
43,contexts/uitopia/model/ProMResourceTypeInformation,org/processmining/contexts/uitopia/model/ProMResourceTypeInformation,typeInfo instance getInstance getInfoFor type setInfoFor type typename affiliation email author website icon,prom.domain.contexts,0.02042875157629256
44,contexts/uitopia/model/ProMTask,org/processmining/contexts/uitopia/model/ProMTask,,prom.domain.contexts,0.0252465483234714
45,contexts/uitopia/model/ProMView,org/processmining/contexts/uitopia/model/ProMView,actionPerformed htmlbodyh1Unable to produce the requested visualizationh1h2Error Messageh2h3sbh3h2Debug Information for Reportingh2pbVisualizerb sppbStack traceb spbodyhtml line.separator p debugMessage,prom.domain.contexts,0.02140468227424749
46,contexts/uitopia/model/ProMViewType,org/processmining/contexts/uitopia/model/ProMViewType,acceptedType binding manager name LorgprocessminingcontextsuitopiaannotationsVisualizer Use Plugin Name manager acceptedType binding createView res pr getTypeName getViewableType toString packageDesc equals vt hashCode getPrimaryType pluginMethod plugin LorgprocessminingcontextsuitopiamodelProMViewType,prom.domain.contexts,0.02237762237762238
47,contexts/uitopia/model/ResourceTypeInfo,org/processmining/contexts/uitopia/model/ResourceTypeInfo,affiliation email author website icon typename typename affiliation email author website icon getTypeName getAffiliation getEmail getName getWebsite uri getIcon,prom.domain.contexts,0.022394540942928042
48,contexts/uitopia/packagemanager/PMController,org/processmining/contexts/uitopia/packagemanager/PMController,mainView manager query verbose cleanPackageCache selectPackage pack packageName available getMainView getToUninstallPackages pack installed descriptor descriptors list getToUpdatePackages pack installed available descriptors list getToInstallPackages pack installed descriptor descriptors list getParentPackages pack descriptor reference descriptors list getChildPackages pack descriptor reference descriptors list setStatus pack descriptor installed update pack view update packs view remove pack view remove packs view getQuery setQuery query access000 x0,prom.domain.contexts,0.04230769230769231
49,contexts/uitopia/packagemanager/PMFrame,org/processmining/contexts/uitopia/packagemanager/PMFrame,serialVersionUID CONFX windowx CONFY windowy CONFWIDTH windowwidth CONFHEIGHT windowheight conf controller Center ProM UITopia Package Manager saveWindowState windowx windowy windowwidth windowheight restoreWindowState windowx windowy windowwidth windowheight width height exitApplication askUser saveConfig ERROR Could not save UITopia configuration main args main LorgprocessminingcontextsuitopiapackagemanagerPMFrame promicon32x32.png args frame getController,prom.domain.contexts,0.007692307692307693
50,contexts/uitopia/packagemanager/PMIconCache,org/processmining/contexts/uitopia/packagemanager/PMIconCache,iconMap iconPreviewMap getIcon PMIconCache Retrieving icon for URL PMIconCache Retrieving icon for URL failed logoURL icon pack getIcon pack getIconPreview icon image pack getIconPreview pack getPreview img width height xScale yScale scale icon,prom.domain.contexts,0.018386491557223265
51,contexts/uitopia/packagemanager/PMListener,org/processmining/contexts/uitopia/packagemanager/PMListener,overlayable pmOverlay overlayable exception IO Exception SAX Exception Parser Configuration Exception Unknown Package Exception Malformed URL Exception File Not Found Exception Cancelled Exception Security Exception ZIP Exception exception exception exception Error exception hasPrefix startDownload Downloading packageName url pack startInstall Installing packageName folder pack sessionComplete error sessionStart Started package manager session finishedInstall Succesfully installed packageName folder pack,prom.domain.contexts,0.018461538461538463
52,contexts/uitopia/packagemanager/PMMainView,org/processmining/contexts/uitopia/packagemanager/PMMainView,serialVersionUID controller conf viewport activeView workspaceView overlay listener Center activeView WORKSPACE controller blankView controller getWorkspaceView showWorkspaceView showWorkspaceView selected showView activeView view show view showOverlay overlay enclosure showOverlayDialog dialog hideOverlay hideOverlay overlay access000 x0,prom.domain.contexts,0.025854700854700857
53,contexts/uitopia/packagemanager/PMMemoryView,org/processmining/contexts/uitopia/packagemanager/PMMemoryView,actionPerformed,prom.domain.contexts,0.013687782805429866
54,contexts/uitopia/packagemanager/PMOverlay,org/processmining/contexts/uitopia/packagemanager/PMOverlay,TIMEOUT serialVersionUID log label iconLabel cancelled External Packages Required Cancel OK Center Center South East view mainPanel scrollpane southPanel setPackage img pack icon addText text clear finishedInstall An error has occurred. Please select OK to continue. Closing in 10 seconds. Closing in 10 seconds. message error isCancelled close okayed access000 x0,prom.domain.contexts,0.015116279069767442
55,contexts/uitopia/packagemanager/PMPackage,org/processmining/contexts/uitopia/packagemanager/PMPackage,TOUNINSTALL TOUPDATE TOINSTALL DEAD values valueOf LorgprocessminingcontextsuitopiapackagemanagerPMPackagePMStatus name TOUNINSTALL TOUPDATE TOINSTALL DEAD,prom.domain.contexts,0.046314102564102566
56,contexts/uitopia/packagemanager/PMPackageListBrowser,org/processmining/contexts/uitopia/packagemanager/PMPackageListBrowser,serialVersionUID VIEWPORTWIDTH controller packages type listModel packageList viewport header sortByPackageName sortByAuthorName pmPackageView is64bit mem selectedMem oldSelectedMem memPanel button1gbSelected button2gbSelected button4gbSelected button8gbSelected button16gbSelected button1gbNotSelected button2gbNotSelected button4gbNotSelected button8gbNotSelected button16gbNotSelected remove30x30black.png 1 GB remove30x30black.png 2 GB remove30x30black.png 4 GB remove30x30black.png 4 GB remove30x30black.png 4 GB action30x30black.png 1 GB action30x30black.png 2 GB action30x30black.png 4 GB action30x30black.png 8 GB action30x30black.png 16 GB controller type isEmpty selectPackage name setSelectionContent Parents of Children of reference showParents rel showPackage res setupUI sortByPackage27x20white.png sortByAuthor27x20white.png Sort packages on package name Sort packages on author name No selection to show sort by North North Center Center East browser sortGroup sortPanel sortLabel listScrollPane topPanel sortList keepSelection selected updateData pack query filteredPackages selected index updateViewport Center No packages selected Center selected selectedPacks getPackageView access000 x0 access100 x0 x1,prom.domain.contexts,0.018615384615384617
57,contexts/uitopia/packagemanager/PMPackageListCellRenderer,org/processmining/contexts/uitopia/packagemanager/PMPackageListCellRenderer,serialVersionUID COLORPASSIVETOP COLORPASSIVEBOTTOM COLORPASSIVETEXT COLORACTIVETOPG COLORACTIVEBOTTOMG COLORACTIVETOPY COLORACTIVEBOTTOMY COLORACTIVETOPR COLORACTIVEBOTTOMR COLORACTIVETEXT COLORDEADTOP COLORDEADBOTTOM COLORDEADTEXT COLORTRANSPARENT favoriteIcon HEIGHT pack selected paintArrow paintArrow paintComponent fwidth fheight posX yMid height width g2d textX textY getListCellRendererComponent list value index isSelected cellHasFocus favorite30x30.png,prom.domain.contexts,0.01496881496881497
58,contexts/uitopia/packagemanager/PMPackageListModel,org/processmining/contexts/uitopia/packagemanager/PMPackageListModel,compare r1 r2 compare,prom.domain.contexts,0.01496881496881497
59,contexts/uitopia/packagemanager/PMPackageView,org/processmining/contexts/uitopia/packagemanager/PMPackageView,serialVersionUID packs pack controller installButton updateButton removeButton parentButton childrenButton pack controller packs controller setupUI htmliLicense ihtml htmli No description Description ihtml West Center action30x30black.png Install Install selected packages action30x30black.png Update Update selected packages remove30x30black.png Remove Remove selected packages No actions available parent30x30black.png Show parents Show required packages children30x30black.png Show children Show supported packages infoPanel preview icon detailsPanel text familyPanel actionsPanel showInstall showUpdate showRemove width installPacks allDone pp updatePacks allDone pp removePacks allDone pp showParents showChildren styleLabel text color size label styleLinkedLabel text link color size label getLink2License LGPL LGPL Lesser GPL http,prom.domain.contexts,0.017899408284023668
60,contexts/uitopia/packagemanager/PMSearchView,org/processmining/contexts/uitopia/packagemanager/PMSearchView,serialVersionUID pmWorkspaceBrowser controller filterSearch pmWorkspaceBrowser controller setupUI Filter text promlogo101x40.png http,prom.domain.contexts,0.012927350427350428
61,contexts/uitopia/packagemanager/PMTooltips,org/processmining/contexts/uitopia/packagemanager/PMTooltips,REMOVEBUTTON Remove selected packages UPDATEBUTTON Update selected packages INSTALLBUTTON Install selected packages PARENTBUTTON Show required packages CHILDRENBUTTON Show supported packages SORTBYPACKAGENAME Sort packages on package name SORTBYAUTHORNAME Sort packages on author name,prom.domain.contexts,0.0
62,contexts/uitopia/packagemanager/PMWorkspaceBrowser,org/processmining/contexts/uitopia/packagemanager/PMWorkspaceBrowser,actionPerformed,prom.domain.contexts,0.017899408284023668
63,contexts/uitopia/packagemanager/PMWorkspaceView,org/processmining/contexts/uitopia/packagemanager/PMWorkspaceView,serialVersionUID header contents browser tilewooden.jpg Center Center controller getHeader showPackage pack showParentsOf pack showChildrenOf pack updatePackages viewFocusGained viewFocusLost getPackageView,prom.domain.contexts,0.024493927125506076
64,contexts/util/HtmlPanel,org/processmining/contexts/util/HtmlPanel,serialVersionUID jScrollPane1 jTextPane1 visualizeHTML context htmlText hyperlinkUpdate event diagnosis initComponents texthtml diagnosis layout,prom.domain.contexts,0.0
65,contexts/util/StringVisualizer,org/processmining/contexts/util/StringVisualizer,visualize context tovisualize sp,prom.domain.contexts,0.0
66,contexts/util/ToolTipComboBox,org/processmining/contexts/util/ToolTipComboBox,serialVersionUID aModel items items,prom.domain.contexts,0.0
67,contexts/util/ToolTipComboBoxRenderer,org/processmining/contexts/util/ToolTipComboBoxRenderer,serialVersionUID getListCellRendererComponent list value index isSelected cellHasFocus,prom.domain.contexts,0.0038461538461538464
68,contexts/util/jgraph/PortLabelCell,org/processmining/contexts/util/jgraph/PortLabelCell,serialVersionUID topLeft map nodes,prom.domain.contexts,0.0
69,contexts/util/jgraph/PortLabelVertexView,org/processmining/contexts/util/jgraph/PortLabelVertexView,serialVersionUID label portLabelRenderer graph gradientColor hasFocus selected preview Center South getRendererComponent graph view sel focus preview paint g2d paintSelectionBorder g2 previousStroke dash getPerimeterPoint view source installAttributes view attributes,prom.domain.contexts,0.0
70,framework/ProMID,org/processmining/framework/ProMID,,prom.framework,0.09375249103228378
71,framework/abstractplugins/AbstractImportPlugin,org/processmining/framework/abstractplugins/AbstractImportPlugin,file getFile importFile context filename importFile context uri importFile context url importFile context stream getInputStream file importFromStream,prom.framework,0.0
72,framework/abstractplugins/ImportPlugin,org/processmining/framework/abstractplugins/ImportPlugin,getFile importFile importFile importFile importFile,prom.framework,0.0038461538461538464
73,framework/abstractplugins/ZipFilter,org/processmining/framework/abstractplugins/ZipFilter,parent parent accept .zip getDescription,prom.framework,0.0
74,framework/annotations/AuthoredType,org/processmining/framework/annotations/AuthoredType,,prom.framework,0.02042875157629256
75,framework/annotations/Icon,org/processmining/framework/annotations/Icon,,prom.framework,0.02042875157629256
76,framework/annotations/TestMethod,org/processmining/framework/annotations/TestMethod,,prom.framework,0.01230769230769231
77,framework/boot/AddJarsForPackageRunnable,org/processmining/framework/boot/AddJarsForPackageRunnable,pack verbose plugins pack verbose plugins run Scanning package Error package directory does not exist .jar scanning for plugins .jar url runnable dir subthreads LorgprocessminingframeworkbootAddJarsForPackageRunnable,prom.framework,0.08198380566801619
78,framework/boot/Boot,org/processmining/framework/boot/Boot,,prom.framework,0.10705789056304521
79,framework/boot/PathHackerRunnable,org/processmining/framework/boot/PathHackerRunnable,pack verbose plugins pack verbose plugins run,prom.framework,0.06685374711125784
80,framework/connections/Connection,org/processmining/framework/connections/Connection,,prom.framework,0.12122119126010175
81,framework/connections/ConnectionAnnotation,org/processmining/framework/connections/ConnectionAnnotation,,prom.framework,0.0
82,framework/connections/ConnectionCannotBeObtained,org/processmining/framework/connections/ConnectionCannotBeObtained,,prom.framework,0.09602904470161108
83,framework/connections/ConnectionID,org/processmining/framework/connections/ConnectionID,,prom.framework,0.1008041958041958
84,framework/connections/ConnectionManager,org/processmining/framework/connections/ConnectionManager,,prom.framework,0.09858812074001948
85,framework/connections/DynamicConnection,org/processmining/framework/connections/DynamicConnection,,prom.framework,0.0038461538461538464
86,framework/connections/annotations/ConnectionDoesntExistMessage,org/processmining/framework/connections/annotations/ConnectionDoesntExistMessage,message,prom.framework,0.07700320512820513
87,framework/connections/annotations/ConnectionObjectFactory,org/processmining/framework/connections/annotations/ConnectionObjectFactory,,prom.framework,0.0
88,framework/connections/impl/AbstractConnection,org/processmining/framework/connections/impl/AbstractConnection,mapping serialVersionUID label id manager Connection label should not be NULL label setManager manager getLabel containsObjects objects containsObjects referenced found it objects references isRemoved toString Connection labelled connecting hashCode getObjects result equals getID getObjectWithRole role getRoles put role ref remove role get role getMapping remove setLabel Connection label should not be NULL name changed updated readResolve LorgprocessminingframeworkconnectionsimplAbstractConnection,prom.framework,0.007692307692307693
89,framework/connections/impl/AbstractStrongReferencingConnection,org/processmining/framework/connections/impl/AbstractStrongReferencingConnection,objectReferences label putStrong role isRemoved,prom.framework,0.0
90,framework/connections/impl/ConnectionIDImpl,org/processmining/framework/connections/impl/ConnectionIDImpl,id toString hashCode equals equalsIgnoreType compareTo getUUID compareTo,prom.framework,0.006923076923076923
91,framework/connections/impl/ConnectionManagerImpl,org/processmining/framework/connections/impl/ConnectionManagerImpl,connections connectionListeners pluginManager isEnabled pluginManager getConnectionListeners isEnabled setEnabled isEnabled clear addConnection connection getConnection Objects were deleted Objects were deleted LjavalangObject id getFirstConnection connectionType context objects getConnections connectionType context objects getConnections Connection found No plugin available to create connection LorgprocessminingframeworkconnectionsannotationsConnectionObjectFactory No plugin available to create connection Creating connection of Type Factory plugin returned null. Added connection entry it pluginResult connectionObject stopAtFirst connectionType context objects available types plugins c2 pair binding getConnectionIDs,prom.framework,0.02825854700854701
92,framework/packages/CommandLineInterface,org/processmining/framework/packages/CommandLineInterface,manager manager run java LorgprocessminingframeworkpackagesPackageManager help Print this help message and exit exitcode args commands parser helpOption exitcode,prom.framework,0.09136025265057522
93,framework/packages/InstallOrRemoveCommand,org/processmining/framework/packages/InstallOrRemoveCommand,manager change Install the packages preceded by  remove packages preceded by x example change packageA1.0 xpackageB manager run Could not find package in the list of available packages skipping. Selected for installation removal Invalid package specification please use  or  to indicate installation or removal skipping. Nothing to install or remove. Starting installation... Installation is NOT performed. Installation done. packageName install versions packageNameAndAction report args toInstall toRemove all map parse name hyphen,prom.framework,0.07261968800430339
94,framework/packages/ListCommand,org/processmining/framework/packages/ListCommand,manager list List all known packages and their status AavailableIinstalledBbrokenhas update manager run A pack installedPackage highestVersion isEnabled versions item args installed enabled all,prom.framework,0.07261968800430339
95,framework/packages/PackageDescriptor,org/processmining/framework/packages/PackageDescriptor,,prom.framework,0.16141889198884016
96,framework/packages/PackageManager,org/processmining/framework/packages/PackageManager,,prom.framework,0.12362637362637363
97,framework/packages/PackageSet,org/processmining/framework/packages/PackageSet,serialVersionUID add pack pack add,prom.framework,0.0918992511912866
98,framework/packages/PackageStateReport,org/processmining/framework/packages/PackageStateReport,missing conflicts multipleVersions multipleVersions missing conflicts getMissingDependencies getConflictingPackages getPackagesWithMultipleVersions toString Package has or will have multiple versions installed Package depends on packages which are and will not be installed Package conflicts with packages which are or will be installed line.separator item dep item confl item lines result hasErrors,prom.framework,0.0918992511912866
99,framework/packages/PackageVersion,org/processmining/framework/packages/PackageVersion,,prom.framework,0.11840148698884757
100,framework/packages/Repository,org/processmining/framework/packages/Repository,url url getURL toString Repository equals other hashCode,prom.framework,0.09312865497076023
101,framework/packages/UnknownPackageException,org/processmining/framework/packages/UnknownPackageException,serialVersionUID name Unknow package name getName,prom.framework,0.09285714285714286
102,framework/packages/UnknownPackageTypeException,org/processmining/framework/packages/UnknownPackageTypeException,,prom.framework,0.09412038112944457
103,framework/packages/UpdateCommand,org/processmining/framework/packages/UpdateCommand,manager update Retrieve the latest package definitions from all repositories manager run Updating... Done. args,prom.framework,0.07261968800430339
104,framework/packages/events/PackageManagerListener,org/processmining/framework/packages/events/PackageManagerListener,,prom.framework,0.09217114246700046
105,framework/packages/impl/CancelledException,org/processmining/framework/packages/impl/CancelledException,,prom.framework,0.09535928143712574
106,framework/packages/impl/PackageConfigPerister,org/processmining/framework/packages/impl/PackageConfigPerister,nl read repositories available installed canceller is read is repositories available installed canceller bis handler parserFactory parser listRepository is canceller repos available installed write xml version1.0 encodingiso88591 packages repository url packages repo pack pack config repositories available installed writer writePackage package name version os url desc org auto true false hasPlugins true false license author maintainer logo keywords dependency name conflict name package dep confl pack writer line.separator,prom.framework,0.09136025265057522
107,framework/plugin/GlobalContext,org/processmining/framework/plugin/GlobalContext,,prom.framework,0.11538461538461538
108,framework/plugin/InSufficientResultException,org/processmining/framework/plugin/InSufficientResultException,serialVersionUID Plugin produced results while results were declared. plugin expected returned,prom.framework,0.0
109,framework/plugin/IncorrectReturnTypeException,org/processmining/framework/plugin/IncorrectReturnTypeException,serialVersionUID Plugin produced the wrong type of result at index Expected but received nothing plugin index expected returned,prom.framework,0.04961059190031152
110,framework/plugin/ObjectConstructor,org/processmining/framework/plugin/ObjectConstructor,tryToFindOrConstructAllObjects tryToFindOrConstructFirstObject tryToFindOrConstructFirstNamedObject,prom.framework,0.11456834532374101
111,framework/plugin/PluginContext,org/processmining/framework/plugin/PluginContext,,prom.framework,0.16659810777457834
112,framework/plugin/PluginContextID,org/processmining/framework/plugin/PluginContextID,,prom.framework,0.12096503496503497
113,framework/plugin/PluginDescriptor,org/processmining/framework/plugin/PluginDescriptor,,prom.framework,0.14033264033264034
114,framework/plugin/PluginDescriptorID,org/processmining/framework/plugin/PluginDescriptorID,equals hashCode,prom.framework,0.12012489355662788
115,framework/plugin/PluginExecutionResult,org/processmining/framework/plugin/PluginExecutionResult,,prom.framework,0.12169471153846154
116,framework/plugin/PluginManager,org/processmining/framework/plugin/PluginManager,,prom.framework,0.13035082072738977
117,framework/plugin/PluginParameterBinding,org/processmining/framework/plugin/PluginParameterBinding,,prom.framework,0.12169471153846154
118,framework/plugin/ProMCanceller,org/processmining/framework/plugin/ProMCanceller,,prom.framework,0.0
119,framework/plugin/ProMFuture,org/processmining/framework/plugin/ProMFuture,,prom.framework,0.12012489355662788
120,framework/plugin/Progress,org/processmining/framework/plugin/Progress,,prom.framework,0.1240314430095452
121,framework/plugin/RecursiveCallException,org/processmining/framework/plugin/RecursiveCallException,serialVersionUID A recursive call to method of plugin was discrovered when creating context context plugin methodIndex,prom.framework,0.11370016844469398
122,framework/plugin/annotations/Bootable,org/processmining/framework/plugin/annotations/Bootable,,prom.framework,0.0
123,framework/plugin/annotations/CLI,org/processmining/framework/plugin/annotations/CLI,,prom.framework,0.006153846153846155
124,framework/plugin/annotations/KeepInProMCache,org/processmining/framework/plugin/annotations/KeepInProMCache,,prom.framework,0.0
125,framework/plugin/annotations/Plugin,org/processmining/framework/plugin/annotations/Plugin,name returnLabels returnTypes parameterLabels help userAccessible mostSignificantResult handlesCancel categories keywords quality level icon url,prom.framework,0.08315926892950391
126,framework/plugin/annotations/PluginCategory,org/processmining/framework/plugin/annotations/PluginCategory,,prom.framework,0.07526105116602855
127,framework/plugin/annotations/PluginLevel,org/processmining/framework/plugin/annotations/PluginLevel,Local NightlyBuild Regular PeerReviewed BulletProof name value values valueOf LorgprocessminingframeworkpluginannotationsPluginLevel name name value getName getValue Local Local NightlyBuild NightlyBuild Regular Regular PeerReviewed PeerReviewed BulletProof BulletProof,prom.framework,0.08521949254933549
128,framework/plugin/annotations/PluginQuality,org/processmining/framework/plugin/annotations/PluginQuality,VeryPoor Poor Fair Good VeryGood name value values valueOf LorgprocessminingframeworkpluginannotationsPluginQuality name name value getName getValue VeryPoor VeryPoor Poor Poor Fair Fair Good Good VeryGood VeryGood,prom.framework,0.08521949254933549
129,framework/plugin/annotations/PluginVariant,org/processmining/framework/plugin/annotations/PluginVariant,requiredParameterLabels variantLabel help,prom.framework,0.08315926892950391
130,framework/plugin/events/ConnectionObjectListener,org/processmining/framework/plugin/events/ConnectionObjectListener,,prom.framework,0.025849731663685153
131,framework/plugin/events/FutureListener,org/processmining/framework/plugin/events/FutureListener,futureReady,prom.framework,0.019866497139224414
132,framework/plugin/events/Logger,org/processmining/framework/plugin/events/Logger,,prom.framework,0.019848901098901098
133,framework/plugin/events/NameChangeListener,org/processmining/framework/plugin/events/NameChangeListener,fireNameChanged listener newName,prom.framework,0.019866497139224414
134,framework/plugin/events/PluginLifeCycleEventListener,org/processmining/framework/plugin/events/PluginLifeCycleEventListener,,prom.framework,0.030041580041580043
135,framework/plugin/events/ProMEventListenerList,org/processmining/framework/plugin/events/ProMEventListenerList,listeners add listener getListenerCount getListeners object result it remove listener toString removeAll,prom.framework,0.0
136,framework/plugin/events/ProgressEventListener,org/processmining/framework/plugin/events/ProgressEventListener,,prom.framework,0.025262237762237762
137,framework/plugin/events/ProvidedObjectLifeCycleListener,org/processmining/framework/plugin/events/ProvidedObjectLifeCycleListener,,prom.framework,0.025849731663685153
138,framework/plugin/impl/AbstractGlobalContext,org/processmining/framework/plugin/impl/AbstractGlobalContext,,prom.framework,0.03799058084772371
139,framework/plugin/impl/AbstractPluginContext,org/processmining/framework/plugin/impl/AbstractPluginContext,,prom.framework,0.032658569500674764
140,framework/plugin/impl/AbstractPluginDescriptor,org/processmining/framework/plugin/impl/AbstractPluginDescriptor,prepareAndWaitForArgs Cannot pass null as a parameter to a plugin list array futureLeft context methodIndex parameterTypes args result done timeoutOccurred invoke nothing returnType name lock methodIndex context args futures returnType name lock execute access000 x0 x1 x2 x3 x4 LorgprocessminingframeworkpluginimplAbstractPluginDescriptor,prom.framework,0.066710591335859
141,framework/plugin/impl/DependsOnUnknownException,org/processmining/framework/plugin/impl/DependsOnUnknownException,serialVersionUID message,prom.framework,0.0
142,framework/plugin/impl/FieldNotSetException,org/processmining/framework/plugin/impl/FieldNotSetException,serialVersionUID Field was not yet set. fieldName message,prom.framework,0.0
143,framework/plugin/impl/FieldSetException,org/processmining/framework/plugin/impl/FieldSetException,serialVersionUID Field was already set. fieldName message,prom.framework,0.11539855072463769
144,framework/plugin/impl/PluginCacheEntry,org/processmining/framework/plugin/impl/PluginCacheEntry,,prom.framework,0.09705248023005031
145,framework/plugin/impl/PluginContextIDImpl,org/processmining/framework/plugin/impl/PluginContextIDImpl,id toString hashCode equals compareTo LorgprocessminingframeworkpluginimplPluginContextIDImpl compareTo,prom.framework,0.02825854700854701
146,framework/plugin/impl/PluginDescriptorIDImpl,org/processmining/framework/plugin/impl/PluginDescriptorIDImpl,id throws pluginMethod temp index pluginClass toString hashCode equals compareTo LorgprocessminingframeworkpluginimplPluginDescriptorIDImpl compareTo,prom.framework,0.06733615221987314
147,framework/plugin/impl/PluginDescriptorImpl,org/processmining/framework/plugin/impl/PluginDescriptorImpl,annotatedElement id parameterTypes parameterNames returnTypes methods returnNames name declaringClass pack help keywords categories quality level icon url icons urls LorgprocessminingframeworkpluginannotationsPlugin LorgprocessminingframeworkpluginPluginContext LorgprocessminingframeworkpluginannotationsPlugin LorgprocessminingframeworkpluginannotationsPlugin LorgprocessminingframeworkpluginannotationsPlugin LorgprocessminingframeworkpluginannotationsPlugin LorgprocessminingframeworkpluginannotationsPlugin LorgprocessminingframeworkpluginannotationsPlugin LorgprocessminingframeworkpluginannotationsPlugin PluginDescriptorImpl Found icon at PluginDescriptorImpl Found no icon at LorgprocessminingframeworkpluginannotationsPlugin LorgprocessminingframeworkpluginannotationsPlugin LorgprocessminingframeworkpluginannotationsPlugin LorgprocessminingframeworkpluginannotationsPlugin LorgprocessminingframeworkpluginannotationsPlugin par par method pack list iconString urlString LorgprocessminingframeworkpluginannotationsPlugin LorgprocessminingframeworkpluginannotationsPlugin LorgprocessminingframeworkpluginannotationsPluginVariant LorgprocessminingframeworkpluginannotationsPluginVariant LorgprocessminingframeworkpluginannotationsPluginVariant LorgprocessminingframeworkpluginannotationsPlugin LorgprocessminingframeworkpluginannotationsPlugin LorgprocessminingframeworkpluginannotationsPlugin LorgprocessminingframeworkpluginannotationsPlugin LorgprocessminingframeworkpluginannotationsPlugin LorgprocessminingframeworkpluginannotationsPlugin LorgprocessminingframeworkpluginannotationsPlugin images PluginDescriptorImpl Found icon at PluginDescriptorImpl Found no icon at LorgprocessminingframeworkpluginannotationsPlugin Plugin could not be added as a plugin. There is at lease one declared parameter type which is not used by any of the plugins variants. LorgprocessminingframeworkpluginannotationsPlugin LorgprocessminingframeworkpluginannotationsPlugin LorgprocessminingframeworkpluginannotationsPlugin requiredPar method requiredPar list method url message type acceptedContext pack pls max iconString urlString className name parTypes pack getPackage getMostSignificantResult LorgprocessminingframeworkpluginannotationsPlugin getAnnotatedElement hasAnnotation annotationClass getAnnotation annotationClass getName hashCode equals other otherDesc toString execute result result result result context methodIndex allArgs method findMethod LorgprocessminingframeworkpluginannotationsPluginVariant type match allArgs getReturnTypes getParameterTypes methodIndex getPluginParameterType LorgprocessminingframeworkpluginannotationsPluginVariant LorgprocessminingframeworkpluginannotationsPluginVariant req methodIndex parameterIndex getParameterTypes getParameterNames getTypesAtParameterIndex name index result getNumberOfMethods getParameterNames LorgprocessminingframeworkpluginannotationsPluginVariant LorgprocessminingframeworkpluginannotationsPluginVariant list req methodIndex getPluginParameterName LorgprocessminingframeworkpluginannotationsPluginVariant LorgprocessminingframeworkpluginannotationsPluginVariant req methodIndex parameterIndex getReturnNames getID getContextType methodIndex compareTo plugin getMethod getIndexInParameterNames LorgprocessminingframeworkpluginannotationsPluginVariant LorgprocessminingframeworkpluginannotationsPluginVariant req methodIndex methodParameterIndex getIndexInMethod LorgprocessminingframeworkpluginannotationsPluginVariant LorgprocessminingframeworkpluginannotationsPluginVariant req methodIndex parameterIndex getMethodLabel LorgprocessminingframeworkpluginannotationsPluginVariant LorgprocessminingframeworkpluginannotationsPluginVariant LorgprocessminingframeworkpluginannotationsPluginVariant methodIndex isUserAccessible LorgprocessminingframeworkpluginannotationsPlugin handlesCancel LorgprocessminingframeworkpluginannotationsPlugin getAnnotation annotationClass methodIndex hasAnnotation annotationClass methodIndex getHelp getMethodHelp LorgprocessminingframeworkpluginannotationsPluginVariant LorgprocessminingframeworkpluginannotationsPluginVariant LorgprocessminingframeworkpluginannotationsPluginVariant methodIndex getKeywords getCategories categoryLabels meetsQualityThreshold meetsLevelThreshold getIcon getURL compareTo LorgprocessminingframeworkpluginimplPluginDescriptorImpl,prom.framework,0.08155457108336689
148,framework/plugin/impl/PluginExecutionResultImpl,org/processmining/framework/plugin/impl/PluginExecutionResultImpl,objects exception returnTypes pluginName returnNames ids parameters plugin returnTypes returnNames plugin getSize setResult index type objects getObject resultIndex setException getException getResult resultIndex getResultName resultIndex getResultNames getResults synchronize getExpectedSize setProvidedObjectID id getProvidedObjectID setInput parameters getParameters getType getPlugin access000 x0,prom.framework,0.056540555633114616
149,framework/plugin/impl/PluginManagerImpl,org/processmining/framework/plugin/impl/PluginManagerImpl,PACKAGESEPARATOR URLSEPARATOR INNERCLASSMARKER pluginManager knownObjectTypes plugins annotation2plugins pluginManagerListeners pluginContextType annotatedClasses pluginContextType addListener LorgprocessminingframeworkpluginPluginManagerPluginManagerListener listener getKnownClassesAnnotatedWith annotationType set removeListener LorgprocessminingframeworkpluginPluginManagerPluginManagerListener listener fireError LorgprocessminingframeworkpluginPluginManagerPluginManagerListener listener url className firePluginAdded LorgprocessminingframeworkpluginPluginManagerPluginManagerListener listener plugin types initialize pluginContextType getInstance register url pack loader register file .jar file url pack loader scanDirectory .class .jar dir url todo filter file pack loader makeRelativePath root absolutePath relative scanUrl .class className loadedClass is jis je loadedClasses url pack loader cached loadClassFromFile .class loader url classFilename pack loadClass bintestinstrument LorgprocessminingframeworkpluginannotationsKeepInProMCache LorgprocessminingframeworkpluginannotationsPlugin LorgprocessminingframeworkpluginannotationsPlugin ERROR while adding plugin ERROR while scanning for plugins at in file org.processmining. INFO class contains plugins. set annotations pl pl method pluginClass methods loader url className pack isAnnotated addPlugin Found new version of plugin ....overwriting. annotation pls annotation pl old checkTypesAfterAdd parTypes pl newTypes addKnownObjectTypes type types newTypes isGoodPlugin LorgprocessminingframeworkpluginannotationsPlugin LorgprocessminingframeworkpluginannotationsPlugin LorgprocessminingframeworkpluginannotationsPluginVariant LorgprocessminingframeworkpluginannotationsPluginVariant Method could not be added as a plugin. At least one required parameter is not a valid index.There is no parameterlabel at index Method could not be added as a plugin. Some required indices are duplicated. Method could not be added as a plugin. The context should be asked as first parameter and should be a the same or a superclass of LjavalangObject LjavalangObject Method could not be added as a plugin. The plugin should return an array of objects as specified in the context. Plugin could not be added as a plugin. At least one variant has to be specified. required set names returnTypes pluginMethods it type methods isCorrectPluginContextType LorgprocessminingframeworkpluginPluginContext method isRightlyAnnotated LorgprocessminingframeworkpluginannotationsPlugin LorgprocessminingframeworkpluginannotationsPlugin Plugin could not be added as a plugin the number of return types and return labels do not match. element isGoodPlugin LorgprocessminingframeworkpluginannotationsPlugin LorgprocessminingframeworkpluginannotationsPlugin Plugin could not be added as a plugin the number of parameter labels does not match the number of parameters. LorgprocessminingframeworkpluginannotationsPlugin LjavalangObject LjavalangObject Method could not be added as a plugin. The plugin should return an array of objects as specified in the context. LorgprocessminingframeworkpluginannotationsBootable Method could not be added as a plugin the first parameter has to be a PluginContext and assignable from LorgprocessminingframeworkpluginPluginContext Method could not be added as a plugin only one context can be requested. Method could not be added as a plugin as one of the parameters is derived from a Type using Generics type returnTypes pars method find binding list plugin annotation resultType contextType totalMatch orderedParameters mustBeUserVisible parameters result pls find Cannot find plugins with empty or null list of return types using the find method with list input. resultType binding list returnTypes indices ok plugin annotation resultTypes contextType totalMatch orderedParameters mustBeUserVisible parameters result pls checkIfRequestedReturnTypeIsPresent plugin resultType find plugin pluginName result getPlugin id getPlugin entry id getPluginsAcceptingAtLeast LorgprocessminingframeworkpluginannotationsPlugin pair contextType mustBeUserVisible parameters result getPluginsAcceptingInAnyOrder LorgprocessminingframeworkpluginannotationsPlugin pair contextType mustBeUserVisible parameters result getPluginsAcceptingOrdered LorgprocessminingframeworkpluginannotationsPlugin pair contextType mustBeUserVisible parameters result getPluginsResultingIn LorgprocessminingframeworkpluginannotationsPlugin LorgprocessminingframeworkpluginannotationsPlugin pair pair resultType contextType mustBeUserVisible result getAllPluginsSorted visible plugin canBeUserVisible mustBeUserVisible result getAllPlugins getAllPlugins mustBeVisible isParameterAssignable instanceType requestedType getKnownObjectTypes,prom.framework,0.10596546310832025
150,framework/plugin/impl/ProgressBarImpl,org/processmining/framework/plugin/impl/ProgressBarImpl,,prom.framework,0.02735042735042735
151,framework/providedobjects/ContextAwareObject,org/processmining/framework/providedobjects/ContextAwareObject,setManagers,prom.framework,0.0
152,framework/providedobjects/ProvidedObject,org/processmining/framework/providedobjects/ProvidedObject,getID getLabel setLabel getObject getObject setObject isDeleted deleteObject getType,prom.framework,0.024781919111816018
153,framework/providedobjects/ProvidedObjectDeletedException,org/processmining/framework/providedobjects/ProvidedObjectDeletedException,,prom.framework,0.08220668220668222
154,framework/providedobjects/ProvidedObjectID,org/processmining/framework/providedobjects/ProvidedObjectID,,prom.framework,0.10363048166786484
155,framework/providedobjects/ProvidedObjectManager,org/processmining/framework/providedobjects/ProvidedObjectManager,,prom.framework,0.09645153608001905
156,framework/providedobjects/SubstitutionType,org/processmining/framework/providedobjects/SubstitutionType,substitutedType,prom.framework,0.023076923076923078
157,framework/providedobjects/impl/ProvidedObjectIDImpl,org/processmining/framework/providedobjects/impl/ProvidedObjectIDImpl,id toString hashCode equals equalsIgnoreType compareTo getUUID compareTo,prom.framework,0.023076923076923078
158,framework/providedobjects/impl/ProvidedObjectImpl,org/processmining/framework/providedobjects/impl/ProvidedObjectImpl,id object deleted manager label type Null cannot be provided as an object label id object type manager deleteObject unregisterFromFuture getID getObject getObject Object has been deleted. waitIfFuture setObject newObject setObject Object has been deleted. newObject signalChange toString DELETED getLabel hashCode equals nameChanged newName setLabel Provided Object with ID was deleted before. label pluginCancelled context isDeleted getType Provided Object with ID was deleted before. futureReady tmpObject future LorgprocessminingframeworkprovidedobjectsimplProvidedObjectImpl,prom.framework,0.023076923076923078
159,framework/providedobjects/impl/ProvidedObjectManagerImpl,org/processmining/framework/providedobjects/impl/ProvidedObjectManagerImpl,providedObjectLifeCycleListeners localProvidedObjects ids enabled getProvidedObjectLifeCylceListeners createProvidedObject LorgprocessminingframeworkprovidedobjectsSubstitutionType LorgprocessminingframeworkprovidedobjectsSubstitutionType realType declaredType label object context realType createProvidedObject label object type context po createProvidedObjects id context newIds result getProvidedObject ProvidedObject with ID is not known to the manager. id po getProvidedObjectObject id waitIfFuture po getProvidedObjectLabel id po getProvidedObjectType id po changeProvidedObjectObject id newObject po deleteProvidedObject id po getProvidedObjects relabelProvidedObject id label providedObjectNameChanged objectID providedObjectObjectChanged objectID setEnabled enabled isEnabled clear LorgprocessminingframeworkprovidedobjectsimplProvidedObjectManagerImpl,prom.framework,0.02825854700854701
160,framework/util/ArrayUtils,org/processmining/framework/util/ArrayUtils,copyOf source newlength type target concatAll array array first rest totalLength result offset,prom.framework,0.09178674351585013
161,framework/util/AutoHelpCommandLineParser,org/processmining/framework/util/AutoHelpCommandLineParser,,prom.framework,0.07511792452830189
162,framework/util/Cast,org/processmining/framework/util/Cast,,prom.framework,0.07708168120539255
163,framework/util/Cleanable,org/processmining/framework/util/Cleanable,cleanUp,prom.framework,0.0
164,framework/util/CommandLineArgumentList,org/processmining/framework/util/CommandLineArgumentList,,prom.framework,0.08448275862068966
165,framework/util/GoogleAnalyticsUtil,org/processmining/framework/util/GoogleAnalyticsUtil,ga UA19997757 runPluginEvent Run ProM Plugin No plugin name No package name pluginName packageName eh,prom.framework,0.0
166,framework/util/HTMLToString,org/processmining/framework/util/HTMLToString,,prom.framework,0.08530822526203588
167,framework/util/IconLoader,org/processmining/framework/util/IconLoader,getStandardIcon toolbarButtonGraphics .gif name imgLocation imageURL getProMLibIcon .gif file imageURL name,prom.framework,0.0
168,framework/util/LevenshteinDistance,org/processmining/framework/util/LevenshteinDistance,encodingLength distanceMatrix encodingLength charStreamList noTraces computeLevenshteinDistanceLinearSpace distanceNorm1 lengthSeq2 maxLength dist seq2 distanceNorm1 seq1 lengthSeq1 charStreams noCharStreams getLevenshteinDistanceLinearSpace tJ cost sI seq1 seq2 lengthSeq1 lengthSeq2 Minimum mi getDistanceMatrix,prom.framework,0.0
169,framework/util/OsUtil,org/processmining/framework/util/OsUtil,,prom.framework,0.098277117204562
170,framework/util/Pair,org/processmining/framework/util/Pair,,prom.framework,0.14155482815057285
171,framework/util/PathHacker,org/processmining/framework/util/PathHacker,parameters addLibPath java.library.path LjavalangSystem props java.library.path LjavalangClassLoader usrpaths path file newLibraryPath props usrpathsField usrpaths newUsrpaths addLibraryPathFromDirectory dir addJar addJar addJar LjavanetURLClassLoader addURL u2 method sysloader LjavanetURL,prom.framework,0.08425925925925926
172,framework/util/ProMClassLoader,org/processmining/framework/util/ProMClassLoader,loader,prom.framework,0.0
173,framework/util/StringUtils,org/processmining/framework/util/StringUtils,,prom.framework,0.006153846153846155
174,framework/util/WeakValueHashMap,org/processmining/framework/util/WeakValueHashMap,iterator isEmpty size remove ek ev hv hashCode ent wv x0 x1,prom.framework,0.0
175,framework/util/collection/AbstractMultiSet,org/processmining/framework/util/collection/AbstractMultiSet,map size hashCode hashValid serialVersionUID newMultiSet newMultiSet retainAll add par retainAll key occToRetain occInThis changed it add num par weight newSize addAll key mset key collection toList occ list isLessOrEqual element multiSet containsAtLeast element occ equals size toString entry hashCode occurrences source iterator baseSet contains containsAll set set remove occ removeAll collection removeAllMultiSet key val toRemove entry mset removed toHTMLString html sup sup html entry includeHTMLTags clear isEmpty LorgprocessminingframeworkutilcollectionAbstractMultiSet,prom.framework,0.014497041420118343
176,framework/util/collection/AlphanumComparator,org/processmining/framework/util/collection/AlphanumComparator,isDigit ch getChunk slength marker chunk compare thisChunkLength thisChunk thatChunk result s1 s2 thisMarker thatMarker s1Length s2Length compare,prom.framework,0.0
177,framework/util/collection/ComparablePair,org/processmining/framework/util/collection/ComparablePair,first second compareTo compareTo other result compareTo,prom.framework,0.08272727272727272
178,framework/util/collection/HashMultiSet,org/processmining/framework/util/collection/HashMultiSet,collection par collection newMultiSet collection newMultiSet,prom.framework,0.010256410256410256
179,framework/util/collection/LinkedHashMultiSet,org/processmining/framework/util/collection/LinkedHashMultiSet,collection par collection,prom.framework,0.0
180,framework/util/collection/MultiSet,org/processmining/framework/util/collection/MultiSet,,prom.framework,0.10581421502474135
181,framework/util/collection/MultiSetIterator,org/processmining/framework/util/collection/MultiSetIterator,multiset iterator currentEntry toGiveCount removed multiset hasNext next remove val,prom.framework,0.009919028340080972
182,framework/util/collection/SortedMultiSet,org/processmining/framework/util/collection/SortedMultiSet,comparator baseSet,prom.framework,0.0038461538461538464
183,framework/util/collection/TreeMultiSet,org/processmining/framework/util/collection/TreeMultiSet,comparator collection par collection collection comp par comp collection comp newMap newMultiSet collection newMultiSet comparator baseSet set baseSet,prom.framework,0.0
184,framework/util/collection/WeakKeyValueMap,org/processmining/framework/util/collection/WeakKeyValueMap,map initialCapacity loadFactor initialCapacity clear containsKey key containsValue value entrySet entry set get key val isEmpty keySet put key value val putAll entry remove key size values val set,prom.framework,0.0
185,framework/util/progress/XMonitoredInputStream,org/processmining/framework/util/progress/XMonitoredInputStream,stepNumber stepSize lastStep bytesRead stream progressListener file progressListener stream size progressBar stream size progressListener stream size progressListener stepNumber update Reading Cancelled by ProgressListener readBytes step getStepNumber read result read off len result read result skip result,prom.framework,0.0
186,framework/util/progress/XProgressBarListener,org/processmining/framework/util/progress/XProgressBarListener,progressBar startValue stopValue progressBar progressBar startValue stopValue updateProgress progress maxProgress increment isAborted,prom.framework,0.0038461538461538464
187,framework/util/progress/XProgressListener,org/processmining/framework/util/progress/XProgressListener,updateProgress isAborted,prom.framework,0.007692307692307693
188,framework/util/search/BreadthFirstExpandCollection,org/processmining/framework/util/search/BreadthFirstExpandCollection,add newElements,prom.framework,0.005128205128205128
189,framework/util/search/DepthFirstExpandCollection,org/processmining/framework/util/search/DepthFirstExpandCollection,stack add newElements pop isEmpty,prom.framework,0.008653846153846154
190,framework/util/search/ExpandCollection,org/processmining/framework/util/search/ExpandCollection,pop add isEmpty,prom.framework,0.01230769230769231
191,framework/util/search/MultiThreadedSearchWorker,org/processmining/framework/util/search/MultiThreadedSearchWorker,owner progress resultCollection stack id owner progress resultCollection hashCode equals doInBackground toExpand expandFurther getNodeToExpand toExpand progress processNewNodes toExpand expandFurther resultCollection progress,prom.framework,0.0038461538461538464
192,framework/util/search/MultiThreadedSearcher,org/processmining/framework/util/search/MultiThreadedSearcher,DEPTHFIRST BREADTHFIRST expander threads waiting stack Wrong search type specified. numberOfThreads expander searchType expander searchType numberOfThreads expander expandCollection expander expandCollection addInitialNodes initialNodes addInitialNodes initialNodes startSearch executor progress resultCollection worker getExpander getStack setWaiting worker state,prom.framework,0.0038461538461538464
193,framework/util/search/NodeExpander,org/processmining/framework/util/search/NodeExpander,expandNode processLeaf,prom.framework,0.007692307692307693
194,framework/util/socket/Service,org/processmining/framework/util/socket/Service,clientSocket environment aSocket environment run Fatal error handling connection failed with IO Exception handler in out,prom.framework,0.0
195,framework/util/socket/ServiceEnvironment,org/processmining/framework/util/socket/ServiceEnvironment,isCancelled log log log stillAlive cancel,prom.framework,0.007692307692307693
196,framework/util/socket/ServiceHandler,org/processmining/framework/util/socket/ServiceHandler,handleRequest,prom.framework,0.0038461538461538464
197,framework/util/ui/ExpandButton,org/processmining/framework/util/ui/ExpandButton,mouseClicked arg0 mouseEntered arg0 mouseExited arg0 mousePressed arg0 mouseReleased arg0,prom.framework,0.0038461538461538464
198,framework/util/ui/SlickerConsole,org/processmining/framework/util/ui/SlickerConsole,ancestorAdded arg0 ancestorMoved arg0 ancestorRemoved arg0,prom.framework,0.0038461538461538464
199,framework/util/ui/SlickerMessageBar,org/processmining/framework/util/ui/SlickerMessageBar,serialVersionUID colorTop colorBottom colorBorder console largeConsolePanel expandPanel expand largeConsoleScrollPane filterPanel messageButton warningButton errorButton debugButton testButton Center West Center messages warnings errors debug messages test messages vBar toggleExpanded receiveMessage text type toggleDimension West Center Center Center vBar paintComponent width g2d isShowMessages setShowMessages showMessages isShowWarnings setShowWarnings showWarnings isShowErrors setShowErrors showErrors isShowDebug setShowDebug showDebug isShowTest setShowTest showTest,prom.framework,0.0
200,framework/util/ui/TypeToggleButton,org/processmining/framework/util/ui/TypeToggleButton,mouseClicked arg0 mouseEntered arg0 mouseExited arg0 mousePressed arg0 mouseReleased arg0,prom.framework,0.0038461538461538464
201,models/connections/GraphLayoutConnection,org/processmining/models/connections/GraphLayoutConnection,layoutConnectionUpdated,prom.domain.models,0.0
202,models/graphbased/AbstractGraph,org/processmining/models/graphbased/AbstractGraph,id equals net removeNodeFromCollection toRemove collection object getEdges source target collection s2t removeFromEdges source target collection hashCode graphElementAdded element graphElementRemoved element graphElementChanged element,prom.domain.models,0.02326923076923077
203,models/graphbased/AbstractGraphEdge,org/processmining/models/graphbased/AbstractGraphEdge,hash source target source target hashCode equals edge getSource getTarget,prom.domain.models,0.02326923076923077
204,models/graphbased/AbstractGraphElement,org/processmining/models/graphbased/AbstractGraphElement,map getLabel ProMVisattrlabel no label getAttributeMap toString,prom.domain.models,0.02826086956521739
205,models/graphbased/AbstractGraphNode,org/processmining/models/graphbased/AbstractGraphNode,id hashCode equals node getId,prom.domain.models,0.026373626373626374
206,models/graphbased/AttributeMap,org/processmining/models/graphbased/AttributeMap,ARROWTYPECLASSIC ARROWTYPETECHNICAL ARROWTYPESIMPLE ARROWTYPEDIAMOND ARROWTYPECIRCLE ARROWTYPELINE ARROWTYPEDOUBLELINE ARROWTYPENONE ARROWCROSS ARROWTECHNICALCIRCLE values valueOf LorgprocessminingmodelsgraphbasedAttributeMapArrowType name ARROWTYPECLASSIC ProMVisattrarrowclassic ARROWTYPETECHNICAL ProMVisattrarrowtech ARROWTYPESIMPLE ProMVisattrarrowsimple ARROWTYPEDIAMOND ProMVisattrarrowdiamond ARROWTYPECIRCLE ProMVisattrarrowcircle ARROWTYPELINE ProMVisattrarrowline ARROWTYPEDOUBLELINE ProMVisattrarrowdouble ARROWTYPENONE ProMVisattrarrownone ARROWCROSS ProMVisattrarrowcross ARROWTECHNICALCIRCLE ProMVisattrarrowtechnicalcircle,prom.domain.models,0.0609375
207,models/graphbased/AttributeMapOwner,org/processmining/models/graphbased/AttributeMapOwner,getAttributeMap,prom.domain.models,0.06772983114446529
208,models/graphbased/EdgeID,org/processmining/models/graphbased/EdgeID,serialVersionUID id compareTo edge toString node equals edgeID hashCode compareTo,prom.domain.models,0.0
209,models/graphbased/Expandable,org/processmining/models/graphbased/Expandable,getCollapsedSize,prom.domain.models,0.01230769230769231
210,models/graphbased/ExpansionListener,org/processmining/models/graphbased/ExpansionListener,nodeExpanded nodeCollapsed,prom.domain.models,0.0
211,models/graphbased/NodeID,org/processmining/models/graphbased/NodeID,serialVersionUID id compareTo node toString node equals nodeID hashCode compareTo,prom.domain.models,0.05225752508361204
212,models/graphbased/ViewSpecificAttributeMap,org/processmining/models/graphbased/ViewSpecificAttributeMap,EMPTYMAP maps get owner key map get owner key defaultValue map clearViewSpecific key owner map keySet owner result map putViewSpecific owner key value map old removeViewSpecific owner key map keySet getMapFor node createClone key owner map,prom.domain.models,0.0038461538461538464
213,models/graphbased/directed/AbstractDirectedGraph,org/processmining/models/graphbased/directed/AbstractDirectedGraph,inEdgeMap outEdgeMap getGraph getEmptyClone cloneFrom removeEdge removeSurroundingEdges edge edge node checkAddEdge Cannot add an arc between and since one of these nodes is not in the graph. source target nodes getInEdges node col getOutEdges node col graphElementAdded node collection collection edge element graphElementRemoved node collection collection edge element graphElementChanged element compareTo graph getGraph compareTo,prom.domain.models,0.013687782805429866
214,models/graphbased/directed/AbstractDirectedGraphEdge,org/processmining/models/graphbased/directed/AbstractDirectedGraphEdge,graph source target getGraph compareTo edge compareTo getTarget getSource getGraph LorgprocessminingmodelsgraphbaseddirectedAbstractDirectedGraphEdge,prom.domain.models,0.015512820512820512
215,models/graphbased/directed/AbstractDirectedGraphNode,org/processmining/models/graphbased/directed/AbstractDirectedGraphNode,getGraph compareTo node comp getGraph compareTo,prom.domain.models,0.017236467236467237
216,models/graphbased/directed/BoundaryDirectedGraphNode,org/processmining/models/graphbased/directed/BoundaryDirectedGraphNode,getBoundingNode,prom.domain.models,0.0
217,models/graphbased/directed/ContainableDirectedGraphElement,org/processmining/models/graphbased/directed/ContainableDirectedGraphElement,getParent,prom.domain.models,0.0038461538461538464
218,models/graphbased/directed/ContainingDirectedGraphNode,org/processmining/models/graphbased/directed/ContainingDirectedGraphNode,getChildren addChild,prom.domain.models,0.0038461538461538464
219,models/graphbased/directed/DirectedGraph,org/processmining/models/graphbased/directed/DirectedGraph,getNodes getEdges getInEdges getOutEdges removeEdge removeNode,prom.domain.models,0.03699300699300699
220,models/graphbased/directed/DirectedGraphEdge,org/processmining/models/graphbased/directed/DirectedGraphEdge,getSources,prom.domain.models,0.03281637717121588
221,models/graphbased/directed/DirectedGraphElement,org/processmining/models/graphbased/directed/DirectedGraphElement,getLabel getGraph equals hashCode,prom.domain.models,0.031301775147929
222,models/graphbased/directed/DirectedGraphElementWeights,org/processmining/models/graphbased/directed/DirectedGraphElementWeights,serialVersionUID add nodeId weight get nodeId defaultWeight add sourceId targetId edgeId weight list get sourceId targetId edgeId defaultWeight list,prom.domain.models,0.0
223,models/graphbased/directed/DirectedGraphNode,org/processmining/models/graphbased/directed/DirectedGraphNode,getId,prom.domain.models,0.039894419306184016
224,models/graphbased/directed/analysis/ComponentFactory,org/processmining/models/graphbased/directed/analysis/ComponentFactory,componentize succNode edge node component reDo edges graph toDo components checkForComponent succNode edge added edges graph node component toDo reDo isTerminal edge edges node graph component,prom.domain.models,0.0
225,models/graphbased/directed/analysis/ShortestPathFactory,org/processmining/models/graphbased/directed/analysis/ShortestPathFactory,UNLIMITEDMAX calculateShortestDistanceDijkstra node edge currentNodeIndex edges currentNode source graph shortestPathInfo phi result extractMin currentNodeIndex node shortestPathInfo minValue resultNode calculateAllShortestDistanceDijkstra temp currentNodeIndex node graph shortestPathInfo,prom.domain.models,0.0
226,models/graphbased/directed/analysis/ShortestPathInfo,org/processmining/models/graphbased/directed/analysis/ShortestPathInfo,NOPATH graph map lengths lastNodeInShortestPath node graph getShortestPathLength source target setShortestPathLength source target length getIndexOf node setShortestPathLength sourceIndex targetIndex length getShortestPath temp source target sourceIndex targetIndex result getNodeFromIndex node index setLastOnShortestPath fromNodeIndex toNodeIndex lastNodeIndex LorgprocessminingmodelsgraphbaseddirectedanalysisShortestPathInfo,prom.domain.models,0.0038461538461538464
227,models/graphbased/directed/utils/GraphIterator,org/processmining/models/graphbased/directed/utils/GraphIterator,acceptNode node depth,prom.domain.models,0.0
228,models/graphbased/directed/utils/Node,org/processmining/models/graphbased/directed/utils/Node,data children parent data getChildren setChildren children getNumberOfChildren addChild child insertChildAt index child removeChildAt index getData setData data toString sb getParent setParent parent,prom.domain.models,0.0
229,models/graphbased/directedhypergraph/AbstractDirectedHypergraph,org/processmining/models/graphbased/directedhypergraph/AbstractDirectedHypergraph,getGraph getEmptyClone cloneFrom removeEdge removeEdge checkAddEdge Cannot add an edge between and since one of these nodes is not in the graph. source targets nodes checkAddEdge Cannot add an edge between and since one of these nodes is not in the graph. sources target nodes getIncomingInEdges edge node edges getOutgoingOutEdges edge node edges getIncomingOutEdges edge node edges getOutgoingInEdges edge node edges compareTo graph getGraph compareTo,prom.domain.models,0.011538461538461539
230,models/graphbased/directedhypergraph/AbstractDirectedHypergraphNode,org/processmining/models/graphbased/directedhypergraph/AbstractDirectedHypergraphNode,graph ProMVisattrlabel size label graph getGraph compareTo node compareTo,prom.domain.models,0.007692307692307693
231,models/graphbased/directedhypergraph/AbstractDirectedIncomingHyperedge,org/processmining/models/graphbased/directedhypergraph/AbstractDirectedIncomingHyperedge,graph ProMVisattrlabel sources target label getGraph compareTo edge sources edgeSources it it2 getSources compareTo getTarget getGraph LorgprocessminingmodelsgraphbaseddirectedhypergraphAbstractDirectedIncomingHyperedge,prom.domain.models,0.0
232,models/graphbased/directedhypergraph/AbstractDirectedOutgoingHyperedge,org/processmining/models/graphbased/directedhypergraph/AbstractDirectedOutgoingHyperedge,graph ProMVisattrlabel source targets label getGraph compareTo edge targets edgeTargets it it2 getTargets compareTo getSource getGraph LorgprocessminingmodelsgraphbaseddirectedhypergraphAbstractDirectedOutgoingHyperedge,prom.domain.models,0.0
233,models/graphbased/directedhypergraph/DirectedHypergraph,org/processmining/models/graphbased/directedhypergraph/DirectedHypergraph,getNodes getInEdges getOutEdges getIncomingInEdges getOutgoingOutEdges getIncomingOutEdges getOutgoingInEdges removeEdge removeEdge,prom.domain.models,0.02237762237762238
234,models/graphbased/directedhypergraph/DirectedHypergraphElement,org/processmining/models/graphbased/directedhypergraph/DirectedHypergraphElement,getLabel getGraph equals hashCode,prom.domain.models,0.020512820512820513
235,models/graphbased/directedhypergraph/DirectedHypergraphNode,org/processmining/models/graphbased/directedhypergraph/DirectedHypergraphNode,,prom.domain.models,0.02735042735042735
236,models/graphbased/directedhypergraph/DirectedIncomingHyperedge,org/processmining/models/graphbased/directedhypergraph/DirectedIncomingHyperedge,getSources getTarget,prom.domain.models,0.01641025641025641
237,models/graphbased/directedhypergraph/DirectedOutgoingHyperedge,org/processmining/models/graphbased/directedhypergraph/DirectedOutgoingHyperedge,getSource getTargets,prom.domain.models,0.01641025641025641
238,models/graphbased/undirected/AbstractUndirectedEdge,org/processmining/models/graphbased/undirected/AbstractUndirectedEdge,graph ProMVisattrlabel source target label getGraph getTarget getSource LorgprocessminingmodelsgraphbasedundirectedAbstractUndirectedEdge,prom.domain.models,0.0
239,models/graphbased/undirected/AbstractUndirectedGraph,org/processmining/models/graphbased/undirected/AbstractUndirectedGraph,getGraph getEmptyClone cloneFrom removeEdge checkAddEdge Cannot add an arc between and since one of these nodes is not in the graph. source target nodes getEdges edge node edges compareTo graph getGraph compareTo,prom.domain.models,0.007692307692307693
240,models/graphbased/undirected/AbstractUndirectedNode,org/processmining/models/graphbased/undirected/AbstractUndirectedNode,graph ProMVisattrlabel label graph getGraph compareTo node compareTo,prom.domain.models,0.0
241,models/graphbased/undirected/UndirectedGraph,org/processmining/models/graphbased/undirected/UndirectedGraph,getNodes getEdges getEdges removeEdge,prom.domain.models,0.01730769230769231
242,models/graphbased/undirected/UndirectedGraphEdge,org/processmining/models/graphbased/undirected/UndirectedGraphEdge,getSource getTarget,prom.domain.models,0.013846153846153847
243,models/graphbased/undirected/UndirectedGraphElement,org/processmining/models/graphbased/undirected/UndirectedGraphElement,getLabel getGraph equals hashCode,prom.domain.models,0.015384615384615385
244,models/graphbased/undirected/UndirectedGraphNode,org/processmining/models/graphbased/undirected/UndirectedGraphNode,,prom.domain.models,0.01978021978021978
245,models/semantics/ExecutionInformation,org/processmining/models/semantics/ExecutionInformation,,prom.domain.models,0.007692307692307693
246,models/semantics/ExtendedSemantics,org/processmining/models/semantics/ExtendedSemantics,executeTransition,prom.domain.models,0.0
247,models/semantics/IllegalTransitionException,org/processmining/models/semantics/IllegalTransitionException,serialVersionUID Cannot execute transition in state trans state Cannot execute transition in state Reason trans state reason,prom.domain.models,0.005128205128205128
248,models/semantics/Semantics,org/processmining/models/semantics/Semantics,setCurrentState getCurrentState getExecutableTransitions executeExecutableTransition initialize,prom.domain.models,0.0038461538461538464
249,models/shapes/AbstractShape,org/processmining/models/shapes/AbstractShape,intersection ua ub a1 a2 b1 b2 uat ubt ub getPerimeterPoint bounds source width height xCenter yCenter dx dy alpha xout yout pi pi2 beta,prom.domain.models,0.018846153846153846
250,models/shapes/Decorated,org/processmining/models/shapes/Decorated,decorate,prom.domain.models,0.0
251,models/shapes/Diamond,org/processmining/models/shapes/Diamond,getPoints width height points,prom.domain.models,0.0
252,models/shapes/Ellipse,org/processmining/models/shapes/Ellipse,getPath width height path getPerimeterPoint xout yout bounds source x0 y0 x1 y1 dx dy det xout1 xout2 yout1 yout2 dist1Squared dist2Squared xout yout,prom.domain.models,0.0
253,models/shapes/Gate,org/processmining/models/shapes/Gate,RIGHT TOP LEFT BOTTOM direction direction getPath width height path points midpts curve,prom.domain.models,0.0
254,models/shapes/Hexagon,org/processmining/models/shapes/Hexagon,cornerOffset cornerOffset getPoints width height points offset,prom.domain.models,0.0
255,models/shapes/Octagon,org/processmining/models/shapes/Octagon,cornerOffset cornerOffset getPoints width height points offset,prom.domain.models,0.0
256,models/shapes/Polygon,org/processmining/models/shapes/Polygon,getPerimeterPoint bounds source height width center points point getPoints getPath width height path points,prom.domain.models,0.011538461538461539
257,models/shapes/Rectangle,org/processmining/models/shapes/Rectangle,rounded rounded getPath rect width height rect path,prom.domain.models,0.0
258,models/shapes/RoundedRect,org/processmining/models/shapes/RoundedRect,getPath width height path rect,prom.domain.models,0.0
259,models/shapes/Shape,org/processmining/models/shapes/Shape,getPath getPerimeterPoint,prom.domain.models,0.01639676113360324
260,plugins/HelloWorld,org/processmining/plugins/HelloWorld,helloWorld Hello World context,prom.domain.plugins,0.0
261,plugins/ShowPackageOverviewPlugin,org/processmining/plugins/ShowPackageOverviewPlugin,pluginDescriptors context info context toHTMLString html h1ProM Package Overviewh1 h2Installed packagesh2 table trthPackageththDependencyththVersionththAuthorthtr tr td td tdtd td td td td tr trtdtdtd tdtdtdtdtdtr table h3Updates availableh3 table trthPackage nameththDependency namesththVersion numberththAuthor namethtr tr td td tdtd td td td td tr trtdtdtd tdtdtdtdtdtr table h2Available pluginsh2 table trthPlugin nameththUITopiaththUITopia nameththPackage nameththAuthor namethtr LorgprocessminingcontextsuitopiaannotationsUITopiaVariant tr td td tdPlugintd td td td td td td tr LorgprocessminingcontextsuitopiaannotationsVisualizer tr td td tdVisualizertd td td td td td td tr LorgprocessminingcontextsuitopiaannotationsUIImportPlugin tr td td tdImporttd td td td td td td tr LorgprocessminingcontextsuitopiaannotationsUIExportPlugin tr td td tdExporttd td td td td td td tr LorgprocessminingcontextsuitopiaannotationsUITopiaVariant tr td td tdPlugin varianttd td td td td td td tr tr td td tdtd td td td td td td tr table html pack pack packName packageDescriptor packName authorName packageDescriptor packName authorName packageDescriptor packName authorName packageDescriptor packName packageDescriptor packName authorName packageDescriptor uiName isUITopia variant visualizer importPlugin exportPlugin pluginDescriptor includeHTMLTags buffer packageController uptodatePackages outofdatePackages,prom.domain.plugins,0.0
